image_id,set,subject,frgp
U_00002319_03,U,00002319,3
V_00002319_03,V,00002319,3
R_00002319_03,R,00002319,3
U_00002319_10,U,00002319,10
V_00002319_10,V,00002319,10
R_00002319_10,R,00002319,10
U_00002383_03,U,00002383,3
V_00002383_03,V,00002383,3
R_00002383_03,R,00002383,3
U_00002383_10,U,00002383,10
V_00002383_10,V,00002383,10
R_00002383_10,R,00002383,10
U_00002412_03,U,00002412,3
V_00002412_03,V,00002412,3
R_00002412_03,R,00002412,3
U_00002412_10,U,00002412,10
V_00002412_10,V,00002412,10
R_00002412_10,R,00002412,10
U_00002326_03,U,00002326,3
V_00002326_03,V,00002326,3
R_00002326_03,R,00002326,3
U_00002326_10,U,00002326,10
V_00002326_10,V,00002326,10
R_00002326_10,R,00002326,10
U_00002420_03,U,00002420,3
V_00002420_03,V,00002420,3
R_00002420_03,R,00002420,3
U_00002420_10,U,00002420,10
V_00002420_10,V,00002420,10
R_00002420_10,R,00002420,10
U_00002408_03,U,00002408,3
V_00002408_03,V,00002408,3
R_00002408_03,R,00002408,3
U_00002408_10,U,00002408,10
V_00002408_10,V,00002408,10
R_00002408_10,R,00002408,10
U_00002424_03,U,00002424,3
V_00002424_03,V,00002424,3
R_00002424_03,R,00002424,3
U_00002424_10,U,00002424,10
V_00002424_10,V,00002424,10
R_00002424_10,R,00002424,10
U_00002304_03,U,00002304,3
V_00002304_03,V,00002304,3
R_00002304_03,R,00002304,3
U_00002304_10,U,00002304,10
V_00002304_10,V,00002304,10
R_00002304_10,R,00002304,10
U_00002403_03,U,00002403,3
V_00002403_03,V,00002403,3
R_00002403_03,R,00002403,3
U_00002403_10,U,00002403,10
V_00002403_10,V,00002403,10
R_00002403_10,R,00002403,10
U_00002402_03,U,00002402,3
V_00002402_03,V,00002402,3
R_00002402_03,R,00002402,3
U_00002402_10,U,00002402,10
V_00002402_10,V,00002402,10
R_00002402_10,R,00002402,10
