pair_id,scenario,kind,frgp,probe_image_id,reference_image_id,probe_subject,reference_subject
UxV:U_00002319_03:V_00002319_03,UxV,genuine,3,U_00002319_03,V_00002319_03,00002319,00002319
UxV:U_00002319_03:V_00002383_03,UxV,impostor,3,U_00002319_03,V_00002383_03,00002319,00002383
UxV:U_00002319_03:V_00002412_03,UxV,impostor,3,U_00002319_03,V_00002412_03,00002319,00002412
UxV:U_00002319_03:V_00002326_03,UxV,impostor,3,U_00002319_03,V_00002326_03,00002319,00002326
UxV:U_00002319_03:V_00002420_03,UxV,impostor,3,U_00002319_03,V_00002420_03,00002319,00002420
UxV:U_00002319_03:V_00002408_03,UxV,impostor,3,U_00002319_03,V_00002408_03,00002319,00002408
UxV:U_00002319_03:V_00002424_03,UxV,impostor,3,U_00002319_03,V_00002424_03,00002319,00002424
UxV:U_00002319_03:V_00002304_03,UxV,impostor,3,U_00002319_03,V_00002304_03,00002319,00002304
UxV:U_00002319_03:V_00002403_03,UxV,impostor,3,U_00002319_03,V_00002403_03,00002319,00002403
UxV:U_00002319_03:V_00002402_03,UxV,impostor,3,U_00002319_03,V_00002402_03,00002319,00002402
UxV:U_00002383_03:V_00002383_03,UxV,genuine,3,U_00002383_03,V_00002383_03,00002383,00002383
UxV:U_00002383_03:V_00002319_03,UxV,impostor,3,U_00002383_03,V_00002319_03,00002383,00002319
UxV:U_00002383_03:V_00002412_03,UxV,impostor,3,U_00002383_03,V_00002412_03,00002383,00002412
UxV:U_00002383_03:V_00002326_03,UxV,impostor,3,U_00002383_03,V_00002326_03,00002383,00002326
UxV:U_00002383_03:V_00002420_03,UxV,impostor,3,U_00002383_03,V_00002420_03,00002383,00002420
UxV:U_00002383_03:V_00002408_03,UxV,impostor,3,U_00002383_03,V_00002408_03,00002383,00002408
UxV:U_00002383_03:V_00002424_03,UxV,impostor,3,U_00002383_03,V_00002424_03,00002383,00002424
UxV:U_00002383_03:V_00002304_03,UxV,impostor,3,U_00002383_03,V_00002304_03,00002383,00002304
UxV:U_00002383_03:V_00002403_03,UxV,impostor,3,U_00002383_03,V_00002403_03,00002383,00002403
UxV:U_00002383_03:V_00002402_03,UxV,impostor,3,U_00002383_03,V_00002402_03,00002383,00002402
UxV:U_00002412_03:V_00002412_03,UxV,genuine,3,U_00002412_03,V_00002412_03,00002412,00002412
UxV:U_00002412_03:V_00002319_03,UxV,impostor,3,U_00002412_03,V_00002319_03,00002412,00002319
UxV:U_00002412_03:V_00002383_03,UxV,impostor,3,U_00002412_03,V_00002383_03,00002412,00002383
UxV:U_00002412_03:V_00002326_03,UxV,impostor,3,U_00002412_03,V_00002326_03,00002412,00002326
UxV:U_00002412_03:V_00002420_03,UxV,impostor,3,U_00002412_03,V_00002420_03,00002412,00002420
UxV:U_00002412_03:V_00002408_03,UxV,impostor,3,U_00002412_03,V_00002408_03,00002412,00002408
UxV:U_00002412_03:V_00002424_03,UxV,impostor,3,U_00002412_03,V_00002424_03,00002412,00002424
UxV:U_00002412_03:V_00002304_03,UxV,impostor,3,U_00002412_03,V_00002304_03,00002412,00002304
UxV:U_00002412_03:V_00002403_03,UxV,impostor,3,U_00002412_03,V_00002403_03,00002412,00002403
UxV:U_00002412_03:V_00002402_03,UxV,impostor,3,U_00002412_03,V_00002402_03,00002412,00002402
UxV:U_00002326_03:V_00002326_03,UxV,genuine,3,U_00002326_03,V_00002326_03,00002326,00002326
UxV:U_00002326_03:V_00002319_03,UxV,impostor,3,U_00002326_03,V_00002319_03,00002326,00002319
UxV:U_00002326_03:V_00002383_03,UxV,impostor,3,U_00002326_03,V_00002383_03,00002326,00002383
UxV:U_00002326_03:V_00002412_03,UxV,impostor,3,U_00002326_03,V_00002412_03,00002326,00002412
UxV:U_00002326_03:V_00002420_03,UxV,impostor,3,U_00002326_03,V_00002420_03,00002326,00002420
UxV:U_00002326_03:V_00002408_03,UxV,impostor,3,U_00002326_03,V_00002408_03,00002326,00002408
UxV:U_00002326_03:V_00002424_03,UxV,impostor,3,U_00002326_03,V_00002424_03,00002326,00002424
UxV:U_00002326_03:V_00002304_03,UxV,impostor,3,U_00002326_03,V_00002304_03,00002326,00002304
UxV:U_00002326_03:V_00002403_03,UxV,impostor,3,U_00002326_03,V_00002403_03,00002326,00002403
UxV:U_00002326_03:V_00002402_03,UxV,impostor,3,U_00002326_03,V_00002402_03,00002326,00002402
UxV:U_00002420_03:V_00002420_03,UxV,genuine,3,U_00002420_03,V_00002420_03,00002420,00002420
UxV:U_00002420_03:V_00002319_03,UxV,impostor,3,U_00002420_03,V_00002319_03,00002420,00002319
UxV:U_00002420_03:V_00002383_03,UxV,impostor,3,U_00002420_03,V_00002383_03,00002420,00002383
UxV:U_00002420_03:V_00002412_03,UxV,impostor,3,U_00002420_03,V_00002412_03,00002420,00002412
UxV:U_00002420_03:V_00002326_03,UxV,impostor,3,U_00002420_03,V_00002326_03,00002420,00002326
UxV:U_00002420_03:V_00002408_03,UxV,impostor,3,U_00002420_03,V_00002408_03,00002420,00002408
UxV:U_00002420_03:V_00002424_03,UxV,impostor,3,U_00002420_03,V_00002424_03,00002420,00002424
UxV:U_00002420_03:V_00002304_03,UxV,impostor,3,U_00002420_03,V_00002304_03,00002420,00002304
UxV:U_00002420_03:V_00002403_03,UxV,impostor,3,U_00002420_03,V_00002403_03,00002420,00002403
UxV:U_00002420_03:V_00002402_03,UxV,impostor,3,U_00002420_03,V_00002402_03,00002420,00002402
UxV:U_00002408_03:V_00002408_03,UxV,genuine,3,U_00002408_03,V_00002408_03,00002408,00002408
UxV:U_00002408_03:V_00002319_03,UxV,impostor,3,U_00002408_03,V_00002319_03,00002408,00002319
UxV:U_00002408_03:V_00002383_03,UxV,impostor,3,U_00002408_03,V_00002383_03,00002408,00002383
UxV:U_00002408_03:V_00002412_03,UxV,impostor,3,U_00002408_03,V_00002412_03,00002408,00002412
UxV:U_00002408_03:V_00002326_03,UxV,impostor,3,U_00002408_03,V_00002326_03,00002408,00002326
UxV:U_00002408_03:V_00002420_03,UxV,impostor,3,U_00002408_03,V_00002420_03,00002408,00002420
UxV:U_00002408_03:V_00002424_03,UxV,impostor,3,U_00002408_03,V_00002424_03,00002408,00002424
UxV:U_00002408_03:V_00002304_03,UxV,impostor,3,U_00002408_03,V_00002304_03,00002408,00002304
UxV:U_00002408_03:V_00002403_03,UxV,impostor,3,U_00002408_03,V_00002403_03,00002408,00002403
UxV:U_00002408_03:V_00002402_03,UxV,impostor,3,U_00002408_03,V_00002402_03,00002408,00002402
UxV:U_00002424_03:V_00002424_03,UxV,genuine,3,U_00002424_03,V_00002424_03,00002424,00002424
UxV:U_00002424_03:V_00002319_03,UxV,impostor,3,U_00002424_03,V_00002319_03,00002424,00002319
UxV:U_00002424_03:V_00002383_03,UxV,impostor,3,U_00002424_03,V_00002383_03,00002424,00002383
UxV:U_00002424_03:V_00002412_03,UxV,impostor,3,U_00002424_03,V_00002412_03,00002424,00002412
UxV:U_00002424_03:V_00002326_03,UxV,impostor,3,U_00002424_03,V_00002326_03,00002424,00002326
UxV:U_00002424_03:V_00002420_03,UxV,impostor,3,U_00002424_03,V_00002420_03,00002424,00002420
UxV:U_00002424_03:V_00002408_03,UxV,impostor,3,U_00002424_03,V_00002408_03,00002424,00002408
UxV:U_00002424_03:V_00002304_03,UxV,impostor,3,U_00002424_03,V_00002304_03,00002424,00002304
UxV:U_00002424_03:V_00002403_03,UxV,impostor,3,U_00002424_03,V_00002403_03,00002424,00002403
UxV:U_00002424_03:V_00002402_03,UxV,impostor,3,U_00002424_03,V_00002402_03,00002424,00002402
UxV:U_00002304_03:V_00002304_03,UxV,genuine,3,U_00002304_03,V_00002304_03,00002304,00002304
UxV:U_00002304_03:V_00002319_03,UxV,impostor,3,U_00002304_03,V_00002319_03,00002304,00002319
UxV:U_00002304_03:V_00002383_03,UxV,impostor,3,U_00002304_03,V_00002383_03,00002304,00002383
UxV:U_00002304_03:V_00002412_03,UxV,impostor,3,U_00002304_03,V_00002412_03,00002304,00002412
UxV:U_00002304_03:V_00002326_03,UxV,impostor,3,U_00002304_03,V_00002326_03,00002304,00002326
UxV:U_00002304_03:V_00002420_03,UxV,impostor,3,U_00002304_03,V_00002420_03,00002304,00002420
UxV:U_00002304_03:V_00002408_03,UxV,impostor,3,U_00002304_03,V_00002408_03,00002304,00002408
UxV:U_00002304_03:V_00002424_03,UxV,impostor,3,U_00002304_03,V_00002424_03,00002304,00002424
UxV:U_00002304_03:V_00002403_03,UxV,impostor,3,U_00002304_03,V_00002403_03,00002304,00002403
UxV:U_00002304_03:V_00002402_03,UxV,impostor,3,U_00002304_03,V_00002402_03,00002304,00002402
UxV:U_00002403_03:V_00002403_03,UxV,genuine,3,U_00002403_03,V_00002403_03,00002403,00002403
UxV:U_00002403_03:V_00002319_03,UxV,impostor,3,U_00002403_03,V_00002319_03,00002403,00002319
UxV:U_00002403_03:V_00002383_03,UxV,impostor,3,U_00002403_03,V_00002383_03,00002403,00002383
UxV:U_00002403_03:V_00002412_03,UxV,impostor,3,U_00002403_03,V_00002412_03,00002403,00002412
UxV:U_00002403_03:V_00002326_03,UxV,impostor,3,U_00002403_03,V_00002326_03,00002403,00002326
UxV:U_00002403_03:V_00002420_03,UxV,impostor,3,U_00002403_03,V_00002420_03,00002403,00002420
UxV:U_00002403_03:V_00002408_03,UxV,impostor,3,U_00002403_03,V_00002408_03,00002403,00002408
UxV:U_00002403_03:V_00002424_03,UxV,impostor,3,U_00002403_03,V_00002424_03,00002403,00002424
UxV:U_00002403_03:V_00002304_03,UxV,impostor,3,U_00002403_03,V_00002304_03,00002403,00002304
UxV:U_00002403_03:V_00002402_03,UxV,impostor,3,U_00002403_03,V_00002402_03,00002403,00002402
UxV:U_00002402_03:V_00002402_03,UxV,genuine,3,U_00002402_03,V_00002402_03,00002402,00002402
UxV:U_00002402_03:V_00002319_03,UxV,impostor,3,U_00002402_03,V_00002319_03,00002402,00002319
UxV:U_00002402_03:V_00002383_03,UxV,impostor,3,U_00002402_03,V_00002383_03,00002402,00002383
UxV:U_00002402_03:V_00002412_03,UxV,impostor,3,U_00002402_03,V_00002412_03,00002402,00002412
UxV:U_00002402_03:V_00002326_03,UxV,impostor,3,U_00002402_03,V_00002326_03,00002402,00002326
UxV:U_00002402_03:V_00002420_03,UxV,impostor,3,U_00002402_03,V_00002420_03,00002402,00002420
UxV:U_00002402_03:V_00002408_03,UxV,impostor,3,U_00002402_03,V_00002408_03,00002402,00002408
UxV:U_00002402_03:V_00002424_03,UxV,impostor,3,U_00002402_03,V_00002424_03,00002402,00002424
UxV:U_00002402_03:V_00002304_03,UxV,impostor,3,U_00002402_03,V_00002304_03,00002402,00002304
UxV:U_00002402_03:V_00002403_03,UxV,impostor,3,U_00002402_03,V_00002403_03,00002402,00002403
RxV:R_00002319_03:V_00002319_03,RxV,genuine,3,R_00002319_03,V_00002319_03,00002319,00002319
RxV:R_00002319_03:V_00002383_03,RxV,impostor,3,R_00002319_03,V_00002383_03,00002319,00002383
RxV:R_00002319_03:V_00002412_03,RxV,impostor,3,R_00002319_03,V_00002412_03,00002319,00002412
RxV:R_00002319_03:V_00002326_03,RxV,impostor,3,R_00002319_03,V_00002326_03,00002319,00002326
RxV:R_00002319_03:V_00002420_03,RxV,impostor,3,R_00002319_03,V_00002420_03,00002319,00002420
RxV:R_00002319_03:V_00002408_03,RxV,impostor,3,R_00002319_03,V_00002408_03,00002319,00002408
RxV:R_00002319_03:V_00002424_03,RxV,impostor,3,R_00002319_03,V_00002424_03,00002319,00002424
RxV:R_00002319_03:V_00002304_03,RxV,impostor,3,R_00002319_03,V_00002304_03,00002319,00002304
RxV:R_00002319_03:V_00002403_03,RxV,impostor,3,R_00002319_03,V_00002403_03,00002319,00002403
RxV:R_00002319_03:V_00002402_03,RxV,impostor,3,R_00002319_03,V_00002402_03,00002319,00002402
RxV:R_00002383_03:V_00002383_03,RxV,genuine,3,R_00002383_03,V_00002383_03,00002383,00002383
RxV:R_00002383_03:V_00002319_03,RxV,impostor,3,R_00002383_03,V_00002319_03,00002383,00002319
RxV:R_00002383_03:V_00002412_03,RxV,impostor,3,R_00002383_03,V_00002412_03,00002383,00002412
RxV:R_00002383_03:V_00002326_03,RxV,impostor,3,R_00002383_03,V_00002326_03,00002383,00002326
RxV:R_00002383_03:V_00002420_03,RxV,impostor,3,R_00002383_03,V_00002420_03,00002383,00002420
RxV:R_00002383_03:V_00002408_03,RxV,impostor,3,R_00002383_03,V_00002408_03,00002383,00002408
RxV:R_00002383_03:V_00002424_03,RxV,impostor,3,R_00002383_03,V_00002424_03,00002383,00002424
RxV:R_00002383_03:V_00002304_03,RxV,impostor,3,R_00002383_03,V_00002304_03,00002383,00002304
RxV:R_00002383_03:V_00002403_03,RxV,impostor,3,R_00002383_03,V_00002403_03,00002383,00002403
RxV:R_00002383_03:V_00002402_03,RxV,impostor,3,R_00002383_03,V_00002402_03,00002383,00002402
RxV:R_00002412_03:V_00002412_03,RxV,genuine,3,R_00002412_03,V_00002412_03,00002412,00002412
RxV:R_00002412_03:V_00002319_03,RxV,impostor,3,R_00002412_03,V_00002319_03,00002412,00002319
RxV:R_00002412_03:V_00002383_03,RxV,impostor,3,R_00002412_03,V_00002383_03,00002412,00002383
RxV:R_00002412_03:V_00002326_03,RxV,impostor,3,R_00002412_03,V_00002326_03,00002412,00002326
RxV:R_00002412_03:V_00002420_03,RxV,impostor,3,R_00002412_03,V_00002420_03,00002412,00002420
RxV:R_00002412_03:V_00002408_03,RxV,impostor,3,R_00002412_03,V_00002408_03,00002412,00002408
RxV:R_00002412_03:V_00002424_03,RxV,impostor,3,R_00002412_03,V_00002424_03,00002412,00002424
RxV:R_00002412_03:V_00002304_03,RxV,impostor,3,R_00002412_03,V_00002304_03,00002412,00002304
RxV:R_00002412_03:V_00002403_03,RxV,impostor,3,R_00002412_03,V_00002403_03,00002412,00002403
RxV:R_00002412_03:V_00002402_03,RxV,impostor,3,R_00002412_03,V_00002402_03,00002412,00002402
RxV:R_00002326_03:V_00002326_03,RxV,genuine,3,R_00002326_03,V_00002326_03,00002326,00002326
RxV:R_00002326_03:V_00002319_03,RxV,impostor,3,R_00002326_03,V_00002319_03,00002326,00002319
RxV:R_00002326_03:V_00002383_03,RxV,impostor,3,R_00002326_03,V_00002383_03,00002326,00002383
RxV:R_00002326_03:V_00002412_03,RxV,impostor,3,R_00002326_03,V_00002412_03,00002326,00002412
RxV:R_00002326_03:V_00002420_03,RxV,impostor,3,R_00002326_03,V_00002420_03,00002326,00002420
RxV:R_00002326_03:V_00002408_03,RxV,impostor,3,R_00002326_03,V_00002408_03,00002326,00002408
RxV:R_00002326_03:V_00002424_03,RxV,impostor,3,R_00002326_03,V_00002424_03,00002326,00002424
RxV:R_00002326_03:V_00002304_03,RxV,impostor,3,R_00002326_03,V_00002304_03,00002326,00002304
RxV:R_00002326_03:V_00002403_03,RxV,impostor,3,R_00002326_03,V_00002403_03,00002326,00002403
RxV:R_00002326_03:V_00002402_03,RxV,impostor,3,R_00002326_03,V_00002402_03,00002326,00002402
RxV:R_00002420_03:V_00002420_03,RxV,genuine,3,R_00002420_03,V_00002420_03,00002420,00002420
RxV:R_00002420_03:V_00002319_03,RxV,impostor,3,R_00002420_03,V_00002319_03,00002420,00002319
RxV:R_00002420_03:V_00002383_03,RxV,impostor,3,R_00002420_03,V_00002383_03,00002420,00002383
RxV:R_00002420_03:V_00002412_03,RxV,impostor,3,R_00002420_03,V_00002412_03,00002420,00002412
RxV:R_00002420_03:V_00002326_03,RxV,impostor,3,R_00002420_03,V_00002326_03,00002420,00002326
RxV:R_00002420_03:V_00002408_03,RxV,impostor,3,R_00002420_03,V_00002408_03,00002420,00002408
RxV:R_00002420_03:V_00002424_03,RxV,impostor,3,R_00002420_03,V_00002424_03,00002420,00002424
RxV:R_00002420_03:V_00002304_03,RxV,impostor,3,R_00002420_03,V_00002304_03,00002420,00002304
RxV:R_00002420_03:V_00002403_03,RxV,impostor,3,R_00002420_03,V_00002403_03,00002420,00002403
RxV:R_00002420_03:V_00002402_03,RxV,impostor,3,R_00002420_03,V_00002402_03,00002420,00002402
RxV:R_00002408_03:V_00002408_03,RxV,genuine,3,R_00002408_03,V_00002408_03,00002408,00002408
RxV:R_00002408_03:V_00002319_03,RxV,impostor,3,R_00002408_03,V_00002319_03,00002408,00002319
RxV:R_00002408_03:V_00002383_03,RxV,impostor,3,R_00002408_03,V_00002383_03,00002408,00002383
RxV:R_00002408_03:V_00002412_03,RxV,impostor,3,R_00002408_03,V_00002412_03,00002408,00002412
RxV:R_00002408_03:V_00002326_03,RxV,impostor,3,R_00002408_03,V_00002326_03,00002408,00002326
RxV:R_00002408_03:V_00002420_03,RxV,impostor,3,R_00002408_03,V_00002420_03,00002408,00002420
RxV:R_00002408_03:V_00002424_03,RxV,impostor,3,R_00002408_03,V_00002424_03,00002408,00002424
RxV:R_00002408_03:V_00002304_03,RxV,impostor,3,R_00002408_03,V_00002304_03,00002408,00002304
RxV:R_00002408_03:V_00002403_03,RxV,impostor,3,R_00002408_03,V_00002403_03,00002408,00002403
RxV:R_00002408_03:V_00002402_03,RxV,impostor,3,R_00002408_03,V_00002402_03,00002408,00002402
RxV:R_00002424_03:V_00002424_03,RxV,genuine,3,R_00002424_03,V_00002424_03,00002424,00002424
RxV:R_00002424_03:V_00002319_03,RxV,impostor,3,R_00002424_03,V_00002319_03,00002424,00002319
RxV:R_00002424_03:V_00002383_03,RxV,impostor,3,R_00002424_03,V_00002383_03,00002424,00002383
RxV:R_00002424_03:V_00002412_03,RxV,impostor,3,R_00002424_03,V_00002412_03,00002424,00002412
RxV:R_00002424_03:V_00002326_03,RxV,impostor,3,R_00002424_03,V_00002326_03,00002424,00002326
RxV:R_00002424_03:V_00002420_03,RxV,impostor,3,R_00002424_03,V_00002420_03,00002424,00002420
RxV:R_00002424_03:V_00002408_03,RxV,impostor,3,R_00002424_03,V_00002408_03,00002424,00002408
RxV:R_00002424_03:V_00002304_03,RxV,impostor,3,R_00002424_03,V_00002304_03,00002424,00002304
RxV:R_00002424_03:V_00002403_03,RxV,impostor,3,R_00002424_03,V_00002403_03,00002424,00002403
RxV:R_00002424_03:V_00002402_03,RxV,impostor,3,R_00002424_03,V_00002402_03,00002424,00002402
RxV:R_00002304_03:V_00002304_03,RxV,genuine,3,R_00002304_03,V_00002304_03,00002304,00002304
RxV:R_00002304_03:V_00002319_03,RxV,impostor,3,R_00002304_03,V_00002319_03,00002304,00002319
RxV:R_00002304_03:V_00002383_03,RxV,impostor,3,R_00002304_03,V_00002383_03,00002304,00002383
RxV:R_00002304_03:V_00002412_03,RxV,impostor,3,R_00002304_03,V_00002412_03,00002304,00002412
RxV:R_00002304_03:V_00002326_03,RxV,impostor,3,R_00002304_03,V_00002326_03,00002304,00002326
RxV:R_00002304_03:V_00002420_03,RxV,impostor,3,R_00002304_03,V_00002420_03,00002304,00002420
RxV:R_00002304_03:V_00002408_03,RxV,impostor,3,R_00002304_03,V_00002408_03,00002304,00002408
RxV:R_00002304_03:V_00002424_03,RxV,impostor,3,R_00002304_03,V_00002424_03,00002304,00002424
RxV:R_00002304_03:V_00002403_03,RxV,impostor,3,R_00002304_03,V_00002403_03,00002304,00002403
RxV:R_00002304_03:V_00002402_03,RxV,impostor,3,R_00002304_03,V_00002402_03,00002304,00002402
RxV:R_00002403_03:V_00002403_03,RxV,genuine,3,R_00002403_03,V_00002403_03,00002403,00002403
RxV:R_00002403_03:V_00002319_03,RxV,impostor,3,R_00002403_03,V_00002319_03,00002403,00002319
RxV:R_00002403_03:V_00002383_03,RxV,impostor,3,R_00002403_03,V_00002383_03,00002403,00002383
RxV:R_00002403_03:V_00002412_03,RxV,impostor,3,R_00002403_03,V_00002412_03,00002403,00002412
RxV:R_00002403_03:V_00002326_03,RxV,impostor,3,R_00002403_03,V_00002326_03,00002403,00002326
RxV:R_00002403_03:V_00002420_03,RxV,impostor,3,R_00002403_03,V_00002420_03,00002403,00002420
RxV:R_00002403_03:V_00002408_03,RxV,impostor,3,R_00002403_03,V_00002408_03,00002403,00002408
RxV:R_00002403_03:V_00002424_03,RxV,impostor,3,R_00002403_03,V_00002424_03,00002403,00002424
RxV:R_00002403_03:V_00002304_03,RxV,impostor,3,R_00002403_03,V_00002304_03,00002403,00002304
RxV:R_00002403_03:V_00002402_03,RxV,impostor,3,R_00002403_03,V_00002402_03,00002403,00002402
RxV:R_00002402_03:V_00002402_03,RxV,genuine,3,R_00002402_03,V_00002402_03,00002402,00002402
RxV:R_00002402_03:V_00002319_03,RxV,impostor,3,R_00002402_03,V_00002319_03,00002402,00002319
RxV:R_00002402_03:V_00002383_03,RxV,impostor,3,R_00002402_03,V_00002383_03,00002402,00002383
RxV:R_00002402_03:V_00002412_03,RxV,impostor,3,R_00002402_03,V_00002412_03,00002402,00002412
RxV:R_00002402_03:V_00002326_03,RxV,impostor,3,R_00002402_03,V_00002326_03,00002402,00002326
RxV:R_00002402_03:V_00002420_03,RxV,impostor,3,R_00002402_03,V_00002420_03,00002402,00002420
RxV:R_00002402_03:V_00002408_03,RxV,impostor,3,R_00002402_03,V_00002408_03,00002402,00002408
RxV:R_00002402_03:V_00002424_03,RxV,impostor,3,R_00002402_03,V_00002424_03,00002402,00002424
RxV:R_00002402_03:V_00002304_03,RxV,impostor,3,R_00002402_03,V_00002304_03,00002402,00002304
RxV:R_00002402_03:V_00002403_03,RxV,impostor,3,R_00002402_03,V_00002403_03,00002402,00002403
UxV:U_00002319_10:V_00002319_10,UxV,genuine,10,U_00002319_10,V_00002319_10,00002319,00002319
UxV:U_00002319_10:V_00002383_10,UxV,impostor,10,U_00002319_10,V_00002383_10,00002319,00002383
UxV:U_00002319_10:V_00002412_10,UxV,impostor,10,U_00002319_10,V_00002412_10,00002319,00002412
UxV:U_00002319_10:V_00002326_10,UxV,impostor,10,U_00002319_10,V_00002326_10,00002319,00002326
UxV:U_00002319_10:V_00002420_10,UxV,impostor,10,U_00002319_10,V_00002420_10,00002319,00002420
UxV:U_00002319_10:V_00002408_10,UxV,impostor,10,U_00002319_10,V_00002408_10,00002319,00002408
UxV:U_00002319_10:V_00002424_10,UxV,impostor,10,U_00002319_10,V_00002424_10,00002319,00002424
UxV:U_00002319_10:V_00002304_10,UxV,impostor,10,U_00002319_10,V_00002304_10,00002319,00002304
UxV:U_00002319_10:V_00002403_10,UxV,impostor,10,U_00002319_10,V_00002403_10,00002319,00002403
UxV:U_00002319_10:V_00002402_10,UxV,impostor,10,U_00002319_10,V_00002402_10,00002319,00002402
UxV:U_00002383_10:V_00002383_10,UxV,genuine,10,U_00002383_10,V_00002383_10,00002383,00002383
UxV:U_00002383_10:V_00002319_10,UxV,impostor,10,U_00002383_10,V_00002319_10,00002383,00002319
UxV:U_00002383_10:V_00002412_10,UxV,impostor,10,U_00002383_10,V_00002412_10,00002383,00002412
UxV:U_00002383_10:V_00002326_10,UxV,impostor,10,U_00002383_10,V_00002326_10,00002383,00002326
UxV:U_00002383_10:V_00002420_10,UxV,impostor,10,U_00002383_10,V_00002420_10,00002383,00002420
UxV:U_00002383_10:V_00002408_10,UxV,impostor,10,U_00002383_10,V_00002408_10,00002383,00002408
UxV:U_00002383_10:V_00002424_10,UxV,impostor,10,U_00002383_10,V_00002424_10,00002383,00002424
UxV:U_00002383_10:V_00002304_10,UxV,impostor,10,U_00002383_10,V_00002304_10,00002383,00002304
UxV:U_00002383_10:V_00002403_10,UxV,impostor,10,U_00002383_10,V_00002403_10,00002383,00002403
UxV:U_00002383_10:V_00002402_10,UxV,impostor,10,U_00002383_10,V_00002402_10,00002383,00002402
UxV:U_00002412_10:V_00002412_10,UxV,genuine,10,U_00002412_10,V_00002412_10,00002412,00002412
UxV:U_00002412_10:V_00002319_10,UxV,impostor,10,U_00002412_10,V_00002319_10,00002412,00002319
UxV:U_00002412_10:V_00002383_10,UxV,impostor,10,U_00002412_10,V_00002383_10,00002412,00002383
UxV:U_00002412_10:V_00002326_10,UxV,impostor,10,U_00002412_10,V_00002326_10,00002412,00002326
UxV:U_00002412_10:V_00002420_10,UxV,impostor,10,U_00002412_10,V_00002420_10,00002412,00002420
UxV:U_00002412_10:V_00002408_10,UxV,impostor,10,U_00002412_10,V_00002408_10,00002412,00002408
UxV:U_00002412_10:V_00002424_10,UxV,impostor,10,U_00002412_10,V_00002424_10,00002412,00002424
UxV:U_00002412_10:V_00002304_10,UxV,impostor,10,U_00002412_10,V_00002304_10,00002412,00002304
UxV:U_00002412_10:V_00002403_10,UxV,impostor,10,U_00002412_10,V_00002403_10,00002412,00002403
UxV:U_00002412_10:V_00002402_10,UxV,impostor,10,U_00002412_10,V_00002402_10,00002412,00002402
UxV:U_00002326_10:V_00002326_10,UxV,genuine,10,U_00002326_10,V_00002326_10,00002326,00002326
UxV:U_00002326_10:V_00002319_10,UxV,impostor,10,U_00002326_10,V_00002319_10,00002326,00002319
UxV:U_00002326_10:V_00002383_10,UxV,impostor,10,U_00002326_10,V_00002383_10,00002326,00002383
UxV:U_00002326_10:V_00002412_10,UxV,impostor,10,U_00002326_10,V_00002412_10,00002326,00002412
UxV:U_00002326_10:V_00002420_10,UxV,impostor,10,U_00002326_10,V_00002420_10,00002326,00002420
UxV:U_00002326_10:V_00002408_10,UxV,impostor,10,U_00002326_10,V_00002408_10,00002326,00002408
UxV:U_00002326_10:V_00002424_10,UxV,impostor,10,U_00002326_10,V_00002424_10,00002326,00002424
UxV:U_00002326_10:V_00002304_10,UxV,impostor,10,U_00002326_10,V_00002304_10,00002326,00002304
UxV:U_00002326_10:V_00002403_10,UxV,impostor,10,U_00002326_10,V_00002403_10,00002326,00002403
UxV:U_00002326_10:V_00002402_10,UxV,impostor,10,U_00002326_10,V_00002402_10,00002326,00002402
UxV:U_00002420_10:V_00002420_10,UxV,genuine,10,U_00002420_10,V_00002420_10,00002420,00002420
UxV:U_00002420_10:V_00002319_10,UxV,impostor,10,U_00002420_10,V_00002319_10,00002420,00002319
UxV:U_00002420_10:V_00002383_10,UxV,impostor,10,U_00002420_10,V_00002383_10,00002420,00002383
UxV:U_00002420_10:V_00002412_10,UxV,impostor,10,U_00002420_10,V_00002412_10,00002420,00002412
UxV:U_00002420_10:V_00002326_10,UxV,impostor,10,U_00002420_10,V_00002326_10,00002420,00002326
UxV:U_00002420_10:V_00002408_10,UxV,impostor,10,U_00002420_10,V_00002408_10,00002420,00002408
UxV:U_00002420_10:V_00002424_10,UxV,impostor,10,U_00002420_10,V_00002424_10,00002420,00002424
UxV:U_00002420_10:V_00002304_10,UxV,impostor,10,U_00002420_10,V_00002304_10,00002420,00002304
UxV:U_00002420_10:V_00002403_10,UxV,impostor,10,U_00002420_10,V_00002403_10,00002420,00002403
UxV:U_00002420_10:V_00002402_10,UxV,impostor,10,U_00002420_10,V_00002402_10,00002420,00002402
UxV:U_00002408_10:V_00002408_10,UxV,genuine,10,U_00002408_10,V_00002408_10,00002408,00002408
UxV:U_00002408_10:V_00002319_10,UxV,impostor,10,U_00002408_10,V_00002319_10,00002408,00002319
UxV:U_00002408_10:V_00002383_10,UxV,impostor,10,U_00002408_10,V_00002383_10,00002408,00002383
UxV:U_00002408_10:V_00002412_10,UxV,impostor,10,U_00002408_10,V_00002412_10,00002408,00002412
UxV:U_00002408_10:V_00002326_10,UxV,impostor,10,U_00002408_10,V_00002326_10,00002408,00002326
UxV:U_00002408_10:V_00002420_10,UxV,impostor,10,U_00002408_10,V_00002420_10,00002408,00002420
UxV:U_00002408_10:V_00002424_10,UxV,impostor,10,U_00002408_10,V_00002424_10,00002408,00002424
UxV:U_00002408_10:V_00002304_10,UxV,impostor,10,U_00002408_10,V_00002304_10,00002408,00002304
UxV:U_00002408_10:V_00002403_10,UxV,impostor,10,U_00002408_10,V_00002403_10,00002408,00002403
UxV:U_00002408_10:V_00002402_10,UxV,impostor,10,U_00002408_10,V_00002402_10,00002408,00002402
UxV:U_00002424_10:V_00002424_10,UxV,genuine,10,U_00002424_10,V_00002424_10,00002424,00002424
UxV:U_00002424_10:V_00002319_10,UxV,impostor,10,U_00002424_10,V_00002319_10,00002424,00002319
UxV:U_00002424_10:V_00002383_10,UxV,impostor,10,U_00002424_10,V_00002383_10,00002424,00002383
UxV:U_00002424_10:V_00002412_10,UxV,impostor,10,U_00002424_10,V_00002412_10,00002424,00002412
UxV:U_00002424_10:V_00002326_10,UxV,impostor,10,U_00002424_10,V_00002326_10,00002424,00002326
UxV:U_00002424_10:V_00002420_10,UxV,impostor,10,U_00002424_10,V_00002420_10,00002424,00002420
UxV:U_00002424_10:V_00002408_10,UxV,impostor,10,U_00002424_10,V_00002408_10,00002424,00002408
UxV:U_00002424_10:V_00002304_10,UxV,impostor,10,U_00002424_10,V_00002304_10,00002424,00002304
UxV:U_00002424_10:V_00002403_10,UxV,impostor,10,U_00002424_10,V_00002403_10,00002424,00002403
UxV:U_00002424_10:V_00002402_10,UxV,impostor,10,U_00002424_10,V_00002402_10,00002424,00002402
UxV:U_00002304_10:V_00002304_10,UxV,genuine,10,U_00002304_10,V_00002304_10,00002304,00002304
UxV:U_00002304_10:V_00002319_10,UxV,impostor,10,U_00002304_10,V_00002319_10,00002304,00002319
UxV:U_00002304_10:V_00002383_10,UxV,impostor,10,U_00002304_10,V_00002383_10,00002304,00002383
UxV:U_00002304_10:V_00002412_10,UxV,impostor,10,U_00002304_10,V_00002412_10,00002304,00002412
UxV:U_00002304_10:V_00002326_10,UxV,impostor,10,U_00002304_10,V_00002326_10,00002304,00002326
UxV:U_00002304_10:V_00002420_10,UxV,impostor,10,U_00002304_10,V_00002420_10,00002304,00002420
UxV:U_00002304_10:V_00002408_10,UxV,impostor,10,U_00002304_10,V_00002408_10,00002304,00002408
UxV:U_00002304_10:V_00002424_10,UxV,impostor,10,U_00002304_10,V_00002424_10,00002304,00002424
UxV:U_00002304_10:V_00002403_10,UxV,impostor,10,U_00002304_10,V_00002403_10,00002304,00002403
UxV:U_00002304_10:V_00002402_10,UxV,impostor,10,U_00002304_10,V_00002402_10,00002304,00002402
UxV:U_00002403_10:V_00002403_10,UxV,genuine,10,U_00002403_10,V_00002403_10,00002403,00002403
UxV:U_00002403_10:V_00002319_10,UxV,impostor,10,U_00002403_10,V_00002319_10,00002403,00002319
UxV:U_00002403_10:V_00002383_10,UxV,impostor,10,U_00002403_10,V_00002383_10,00002403,00002383
UxV:U_00002403_10:V_00002412_10,UxV,impostor,10,U_00002403_10,V_00002412_10,00002403,00002412
UxV:U_00002403_10:V_00002326_10,UxV,impostor,10,U_00002403_10,V_00002326_10,00002403,00002326
UxV:U_00002403_10:V_00002420_10,UxV,impostor,10,U_00002403_10,V_00002420_10,00002403,00002420
UxV:U_00002403_10:V_00002408_10,UxV,impostor,10,U_00002403_10,V_00002408_10,00002403,00002408
UxV:U_00002403_10:V_00002424_10,UxV,impostor,10,U_00002403_10,V_00002424_10,00002403,00002424
UxV:U_00002403_10:V_00002304_10,UxV,impostor,10,U_00002403_10,V_00002304_10,00002403,00002304
UxV:U_00002403_10:V_00002402_10,UxV,impostor,10,U_00002403_10,V_00002402_10,00002403,00002402
UxV:U_00002402_10:V_00002402_10,UxV,genuine,10,U_00002402_10,V_00002402_10,00002402,00002402
UxV:U_00002402_10:V_00002319_10,UxV,impostor,10,U_00002402_10,V_00002319_10,00002402,00002319
UxV:U_00002402_10:V_00002383_10,UxV,impostor,10,U_00002402_10,V_00002383_10,00002402,00002383
UxV:U_00002402_10:V_00002412_10,UxV,impostor,10,U_00002402_10,V_00002412_10,00002402,00002412
UxV:U_00002402_10:V_00002326_10,UxV,impostor,10,U_00002402_10,V_00002326_10,00002402,00002326
UxV:U_00002402_10:V_00002420_10,UxV,impostor,10,U_00002402_10,V_00002420_10,00002402,00002420
UxV:U_00002402_10:V_00002408_10,UxV,impostor,10,U_00002402_10,V_00002408_10,00002402,00002408
UxV:U_00002402_10:V_00002424_10,UxV,impostor,10,U_00002402_10,V_00002424_10,00002402,00002424
UxV:U_00002402_10:V_00002304_10,UxV,impostor,10,U_00002402_10,V_00002304_10,00002402,00002304
UxV:U_00002402_10:V_00002403_10,UxV,impostor,10,U_00002402_10,V_00002403_10,00002402,00002403
RxV:R_00002319_10:V_00002319_10,RxV,genuine,10,R_00002319_10,V_00002319_10,00002319,00002319
RxV:R_00002319_10:V_00002383_10,RxV,impostor,10,R_00002319_10,V_00002383_10,00002319,00002383
RxV:R_00002319_10:V_00002412_10,RxV,impostor,10,R_00002319_10,V_00002412_10,00002319,00002412
RxV:R_00002319_10:V_00002326_10,RxV,impostor,10,R_00002319_10,V_00002326_10,00002319,00002326
RxV:R_00002319_10:V_00002420_10,RxV,impostor,10,R_00002319_10,V_00002420_10,00002319,00002420
RxV:R_00002319_10:V_00002408_10,RxV,impostor,10,R_00002319_10,V_00002408_10,00002319,00002408
RxV:R_00002319_10:V_00002424_10,RxV,impostor,10,R_00002319_10,V_00002424_10,00002319,00002424
RxV:R_00002319_10:V_00002304_10,RxV,impostor,10,R_00002319_10,V_00002304_10,00002319,00002304
RxV:R_00002319_10:V_00002403_10,RxV,impostor,10,R_00002319_10,V_00002403_10,00002319,00002403
RxV:R_00002319_10:V_00002402_10,RxV,impostor,10,R_00002319_10,V_00002402_10,00002319,00002402
RxV:R_00002383_10:V_00002383_10,RxV,genuine,10,R_00002383_10,V_00002383_10,00002383,00002383
RxV:R_00002383_10:V_00002319_10,RxV,impostor,10,R_00002383_10,V_00002319_10,00002383,00002319
RxV:R_00002383_10:V_00002412_10,RxV,impostor,10,R_00002383_10,V_00002412_10,00002383,00002412
RxV:R_00002383_10:V_00002326_10,RxV,impostor,10,R_00002383_10,V_00002326_10,00002383,00002326
RxV:R_00002383_10:V_00002420_10,RxV,impostor,10,R_00002383_10,V_00002420_10,00002383,00002420
RxV:R_00002383_10:V_00002408_10,RxV,impostor,10,R_00002383_10,V_00002408_10,00002383,00002408
RxV:R_00002383_10:V_00002424_10,RxV,impostor,10,R_00002383_10,V_00002424_10,00002383,00002424
RxV:R_00002383_10:V_00002304_10,RxV,impostor,10,R_00002383_10,V_00002304_10,00002383,00002304
RxV:R_00002383_10:V_00002403_10,RxV,impostor,10,R_00002383_10,V_00002403_10,00002383,00002403
RxV:R_00002383_10:V_00002402_10,RxV,impostor,10,R_00002383_10,V_00002402_10,00002383,00002402
RxV:R_00002412_10:V_00002412_10,RxV,genuine,10,R_00002412_10,V_00002412_10,00002412,00002412
RxV:R_00002412_10:V_00002319_10,RxV,impostor,10,R_00002412_10,V_00002319_10,00002412,00002319
RxV:R_00002412_10:V_00002383_10,RxV,impostor,10,R_00002412_10,V_00002383_10,00002412,00002383
RxV:R_00002412_10:V_00002326_10,RxV,impostor,10,R_00002412_10,V_00002326_10,00002412,00002326
RxV:R_00002412_10:V_00002420_10,RxV,impostor,10,R_00002412_10,V_00002420_10,00002412,00002420
RxV:R_00002412_10:V_00002408_10,RxV,impostor,10,R_00002412_10,V_00002408_10,00002412,00002408
RxV:R_00002412_10:V_00002424_10,RxV,impostor,10,R_00002412_10,V_00002424_10,00002412,00002424
RxV:R_00002412_10:V_00002304_10,RxV,impostor,10,R_00002412_10,V_00002304_10,00002412,00002304
RxV:R_00002412_10:V_00002403_10,RxV,impostor,10,R_00002412_10,V_00002403_10,00002412,00002403
RxV:R_00002412_10:V_00002402_10,RxV,impostor,10,R_00002412_10,V_00002402_10,00002412,00002402
RxV:R_00002326_10:V_00002326_10,RxV,genuine,10,R_00002326_10,V_00002326_10,00002326,00002326
RxV:R_00002326_10:V_00002319_10,RxV,impostor,10,R_00002326_10,V_00002319_10,00002326,00002319
RxV:R_00002326_10:V_00002383_10,RxV,impostor,10,R_00002326_10,V_00002383_10,00002326,00002383
RxV:R_00002326_10:V_00002412_10,RxV,impostor,10,R_00002326_10,V_00002412_10,00002326,00002412
RxV:R_00002326_10:V_00002420_10,RxV,impostor,10,R_00002326_10,V_00002420_10,00002326,00002420
RxV:R_00002326_10:V_00002408_10,RxV,impostor,10,R_00002326_10,V_00002408_10,00002326,00002408
RxV:R_00002326_10:V_00002424_10,RxV,impostor,10,R_00002326_10,V_00002424_10,00002326,00002424
RxV:R_00002326_10:V_00002304_10,RxV,impostor,10,R_00002326_10,V_00002304_10,00002326,00002304
RxV:R_00002326_10:V_00002403_10,RxV,impostor,10,R_00002326_10,V_00002403_10,00002326,00002403
RxV:R_00002326_10:V_00002402_10,RxV,impostor,10,R_00002326_10,V_00002402_10,00002326,00002402
RxV:R_00002420_10:V_00002420_10,RxV,genuine,10,R_00002420_10,V_00002420_10,00002420,00002420
RxV:R_00002420_10:V_00002319_10,RxV,impostor,10,R_00002420_10,V_00002319_10,00002420,00002319
RxV:R_00002420_10:V_00002383_10,RxV,impostor,10,R_00002420_10,V_00002383_10,00002420,00002383
RxV:R_00002420_10:V_00002412_10,RxV,impostor,10,R_00002420_10,V_00002412_10,00002420,00002412
RxV:R_00002420_10:V_00002326_10,RxV,impostor,10,R_00002420_10,V_00002326_10,00002420,00002326
RxV:R_00002420_10:V_00002408_10,RxV,impostor,10,R_00002420_10,V_00002408_10,00002420,00002408
RxV:R_00002420_10:V_00002424_10,RxV,impostor,10,R_00002420_10,V_00002424_10,00002420,00002424
RxV:R_00002420_10:V_00002304_10,RxV,impostor,10,R_00002420_10,V_00002304_10,00002420,00002304
RxV:R_00002420_10:V_00002403_10,RxV,impostor,10,R_00002420_10,V_00002403_10,00002420,00002403
RxV:R_00002420_10:V_00002402_10,RxV,impostor,10,R_00002420_10,V_00002402_10,00002420,00002402
RxV:R_00002408_10:V_00002408_10,RxV,genuine,10,R_00002408_10,V_00002408_10,00002408,00002408
RxV:R_00002408_10:V_00002319_10,RxV,impostor,10,R_00002408_10,V_00002319_10,00002408,00002319
RxV:R_00002408_10:V_00002383_10,RxV,impostor,10,R_00002408_10,V_00002383_10,00002408,00002383
RxV:R_00002408_10:V_00002412_10,RxV,impostor,10,R_00002408_10,V_00002412_10,00002408,00002412
RxV:R_00002408_10:V_00002326_10,RxV,impostor,10,R_00002408_10,V_00002326_10,00002408,00002326
RxV:R_00002408_10:V_00002420_10,RxV,impostor,10,R_00002408_10,V_00002420_10,00002408,00002420
RxV:R_00002408_10:V_00002424_10,RxV,impostor,10,R_00002408_10,V_00002424_10,00002408,00002424
RxV:R_00002408_10:V_00002304_10,RxV,impostor,10,R_00002408_10,V_00002304_10,00002408,00002304
RxV:R_00002408_10:V_00002403_10,RxV,impostor,10,R_00002408_10,V_00002403_10,00002408,00002403
RxV:R_00002408_10:V_00002402_10,RxV,impostor,10,R_00002408_10,V_00002402_10,00002408,00002402
RxV:R_00002424_10:V_00002424_10,RxV,genuine,10,R_00002424_10,V_00002424_10,00002424,00002424
RxV:R_00002424_10:V_00002319_10,RxV,impostor,10,R_00002424_10,V_00002319_10,00002424,00002319
RxV:R_00002424_10:V_00002383_10,RxV,impostor,10,R_00002424_10,V_00002383_10,00002424,00002383
RxV:R_00002424_10:V_00002412_10,RxV,impostor,10,R_00002424_10,V_00002412_10,00002424,00002412
RxV:R_00002424_10:V_00002326_10,RxV,impostor,10,R_00002424_10,V_00002326_10,00002424,00002326
RxV:R_00002424_10:V_00002420_10,RxV,impostor,10,R_00002424_10,V_00002420_10,00002424,00002420
RxV:R_00002424_10:V_00002408_10,RxV,impostor,10,R_00002424_10,V_00002408_10,00002424,00002408
RxV:R_00002424_10:V_00002304_10,RxV,impostor,10,R_00002424_10,V_00002304_10,00002424,00002304
RxV:R_00002424_10:V_00002403_10,RxV,impostor,10,R_00002424_10,V_00002403_10,00002424,00002403
RxV:R_00002424_10:V_00002402_10,RxV,impostor,10,R_00002424_10,V_00002402_10,00002424,00002402
RxV:R_00002304_10:V_00002304_10,RxV,genuine,10,R_00002304_10,V_00002304_10,00002304,00002304
RxV:R_00002304_10:V_00002319_10,RxV,impostor,10,R_00002304_10,V_00002319_10,00002304,00002319
RxV:R_00002304_10:V_00002383_10,RxV,impostor,10,R_00002304_10,V_00002383_10,00002304,00002383
RxV:R_00002304_10:V_00002412_10,RxV,impostor,10,R_00002304_10,V_00002412_10,00002304,00002412
RxV:R_00002304_10:V_00002326_10,RxV,impostor,10,R_00002304_10,V_00002326_10,00002304,00002326
RxV:R_00002304_10:V_00002420_10,RxV,impostor,10,R_00002304_10,V_00002420_10,00002304,00002420
RxV:R_00002304_10:V_00002408_10,RxV,impostor,10,R_00002304_10,V_00002408_10,00002304,00002408
RxV:R_00002304_10:V_00002424_10,RxV,impostor,10,R_00002304_10,V_00002424_10,00002304,00002424
RxV:R_00002304_10:V_00002403_10,RxV,impostor,10,R_00002304_10,V_00002403_10,00002304,00002403
RxV:R_00002304_10:V_00002402_10,RxV,impostor,10,R_00002304_10,V_00002402_10,00002304,00002402
RxV:R_00002403_10:V_00002403_10,RxV,genuine,10,R_00002403_10,V_00002403_10,00002403,00002403
RxV:R_00002403_10:V_00002319_10,RxV,impostor,10,R_00002403_10,V_00002319_10,00002403,00002319
RxV:R_00002403_10:V_00002383_10,RxV,impostor,10,R_00002403_10,V_00002383_10,00002403,00002383
RxV:R_00002403_10:V_00002412_10,RxV,impostor,10,R_00002403_10,V_00002412_10,00002403,00002412
RxV:R_00002403_10:V_00002326_10,RxV,impostor,10,R_00002403_10,V_00002326_10,00002403,00002326
RxV:R_00002403_10:V_00002420_10,RxV,impostor,10,R_00002403_10,V_00002420_10,00002403,00002420
RxV:R_00002403_10:V_00002408_10,RxV,impostor,10,R_00002403_10,V_00002408_10,00002403,00002408
RxV:R_00002403_10:V_00002424_10,RxV,impostor,10,R_00002403_10,V_00002424_10,00002403,00002424
RxV:R_00002403_10:V_00002304_10,RxV,impostor,10,R_00002403_10,V_00002304_10,00002403,00002304
RxV:R_00002403_10:V_00002402_10,RxV,impostor,10,R_00002403_10,V_00002402_10,00002403,00002402
RxV:R_00002402_10:V_00002402_10,RxV,genuine,10,R_00002402_10,V_00002402_10,00002402,00002402
RxV:R_00002402_10:V_00002319_10,RxV,impostor,10,R_00002402_10,V_00002319_10,00002402,00002319
RxV:R_00002402_10:V_00002383_10,RxV,impostor,10,R_00002402_10,V_00002383_10,00002402,00002383
RxV:R_00002402_10:V_00002412_10,RxV,impostor,10,R_00002402_10,V_00002412_10,00002402,00002412
RxV:R_00002402_10:V_00002326_10,RxV,impostor,10,R_00002402_10,V_00002326_10,00002402,00002326
RxV:R_00002402_10:V_00002420_10,RxV,impostor,10,R_00002402_10,V_00002420_10,00002402,00002420
RxV:R_00002402_10:V_00002408_10,RxV,impostor,10,R_00002402_10,V_00002408_10,00002402,00002408
RxV:R_00002402_10:V_00002424_10,RxV,impostor,10,R_00002402_10,V_00002424_10,00002402,00002424
RxV:R_00002402_10:V_00002304_10,RxV,impostor,10,R_00002402_10,V_00002304_10,00002402,00002304
RxV:R_00002402_10:V_00002403_10,RxV,impostor,10,R_00002402_10,V_00002403_10,00002402,00002403
